id,pillar,content,hashtags,cta
001,Pain Point,"Still using paper on site?

Here's what happens:
‚Üí Gets wet
‚Üí Gets lost
‚Üí Handwriting illegible
‚Üí Can't search anything
‚Üí Photos separate from notes

There's a better way.",#construction #contractor #builder #sitemanager #worksmarter #jobsite #civil #building #civilconstruction #civilengineer #civilengineering #civilcontractors #architecture #architect,Free beta ‚Üí sc-sk.com
002,Pain Point,"Raise your hand if you've got 47 spreadsheets tracking one project üôã‚Äç‚ôÇÔ∏è

One for contacts.
One for materials.
One for jobs.
One for photos.
One you forgot existed.

SCSK puts it all in one place.",#projectmanagement #constructionlife #builder #spreadsheets #getorganized #civil #contractor #building #civilconstruction #civilengineer #civilengineering #civilcontractors #architecture #architect,Try it free ‚Üí sc-sk.com
003,Pain Point,"5:30pm on a Friday.

Boss wants a progress report.
Client wants photos.
You can't remember what you did Monday.

Sound familiar?

SCSK tracks everything as you go. Reports take 30 seconds.",#construction #ukbuilders #contractor #timesaver #fridayfeeling #civil #building #civilconstruction #civilengineer #civilengineering #civilcontractors #architecture #architect,Join the beta ‚Üí sc-sk.com
004,Pain Point,"3,847 photos in your camera roll.

Which ones are for which job?
Which site was that defect at?
When was it taken?

Good luck finding anything.

SCSK organizes photos by project automatically.",#constructionphotos #tradielife #builder #sitemanagement #organization #civil #contractor #building #civilconstruction #civilengineer #civilengineering #civilcontractors #architecture #architect,Get early access ‚Üí sc-sk.com
005,Pain Point,"""Just use the app!""
""There's no reception on site.""
""Oh.""

Every. Single. Time.

SCSK works offline. Syncs when you're back in range.

Built for real sites, not office demos.",#offlineapp #constructionsite #contractor #builderlife #noexcuses #civil #building #civilconstruction #civilengineer #civilengineering #civilcontractors #architecture #architect,Start free ‚Üí sc-sk.com
006,Pain Point,"""Did you document that?""
""I meant to...""

We've all been there.

SCSK makes logging so fast you'll actually do it.

Quick notes. Quick photos. Quick job updates.",#documentation #construction #sitemanagement #ukbuilders #worksmarter #civil #contractor #building #civilconstruction #civilengineer #civilengineering #civilcontractors #architecture #architect,Beta access ‚Üí sc-sk.com
007,Pain Point,"Who was that sparky's name again?

*scrolls through 200 contacts*
*checks old texts*
*gives up*

SCSK keeps all your site contacts organized by trade and project.

Find anyone in 2 seconds.",#tradies #contractor #networking #constructionlife #buildertools #civil #building #civilconstruction #civilengineer #civilengineering #civilcontractors #architecture #architect,Sign up free ‚Üí sc-sk.com
008,Pain Point,"Sunday night.

You're writing progress reports instead of watching the game.

Again.

SCSK generates reports from data you've already logged. Takes seconds.

Get your weekends back.",#construction #projectmanager #worklifebalance #builder #efficiency #civil #contractor #building #civilconstruction #civilengineer #civilengineering #civilcontractors #architecture #architect,sc-sk.com
009,Pain Point,"Running 3 sites at once?

Which materials are where?
Which trades are on which job?
What's the status of each?

Your brain shouldn't be the database.

SCSK keeps it all straight.",#projectmanager #multitasking #construction #contractor #sitemanagement #civil #building #civilconstruction #civilengineer #civilengineering #civilcontractors #architecture #architect,Free beta ‚Üí sc-sk.com
010,Pain Point,"Client: ""Can you send me all photos from last month?""

You: *internally screaming*

With SCSK: Filter by date. Export. Send. Done.

2 minutes vs 2 hours.",#clients #efficiency #construction #builder #timesaver #civil #contractor #building #civilconstruction #civilengineer #civilengineering #civilcontractors #architecture #architect,Try it free ‚Üí sc-sk.com
011,Pain Point,"End of project. Time to find that ONE photo from week 2.

Good luck scrolling through 2,000 images.

Or... use SCSK and search by date, project, or tag.",#projectmanagement #constructionphotos #organization #contractor #builderlife #civil #building #civilconstruction #civilengineer #civilengineering #civilcontractors #architecture #architect,Join the beta ‚Üí sc-sk.com
012,Pain Point,"""I wrote it down somewhere...""

Famous last words on every construction site.

SCSK: Everything searchable. Everything backed up. Nothing lost.",#constructionlife #organization #sitemanagement #builder #backup #civil #contractor #building #civilconstruction #civilengineer #civilengineering #civilcontractors #architecture #architect,Get early access ‚Üí sc-sk.com
013,Pain Point,"How much time do you spend LOOKING for information vs USING it?

Job details. Contact numbers. Material specs. Site photos.

SCSK puts everything one tap away.",#productivity #construction #contractor #efficiency #worksmarter #civil #building #civilconstruction #civilengineer #civilengineering #civilcontractors #architecture #architect,Start free ‚Üí sc-sk.com
014,Pain Point,"That moment when you realize the note you need is on a piece of paper.

In your other pants.

At home.

SCSK lives on your phone. Always with you.",#constructionproblems #builder #sitelife #tradielife #digital #civil #contractor #building #civilconstruction #civilengineer #civilengineering #civilcontractors #architecture #architect,Beta access ‚Üí sc-sk.com
015,Pain Point,"New guy: ""Where's the spec sheet?""
You: ""Check the folder... no wait, the email... actually try the group chat...""

SCSK: One place. Every document. Every project.",#construction #projectmanagement #teamwork #contractor #sitemanagement #civil #building #civilconstruction #civilengineer #civilengineering #civilcontractors #architecture #architect,Sign up free ‚Üí sc-sk.com
016,Pain Point,"Your camera roll is 90% construction photos.

Your partner is not impressed.

SCSK keeps work photos separate and organized.

Save your relationship. Save your sanity.",#tradielife #constructionphotos #worklifebalance #builder #organization #civil #contractor #building #civilconstruction #civilengineer #civilengineering #civilcontractors #architecture #architect,sc-sk.com
017,Pain Point,"Ever quoted a job from memory and regretted it later?

SCSK keeps records of past jobs, materials used, and time spent.

Quote with confidence.",#quoting #contractor #construction #builder #businesstips #civil #building #civilconstruction #civilengineer #civilengineering #civilcontractors #architecture #architect,Free beta ‚Üí sc-sk.com
018,Pain Point,"Monday morning. 3 sites. 12 trades. 47 things to remember.

Or you could just open SCSK and see it all laid out.

Your call.",#mondaymotivation #construction #projectmanager #sitemanagement #productivity #civil #contractor #building #civilconstruction #civilengineer #civilengineering #civilcontractors #architecture #architect,Try it free ‚Üí sc-sk.com
019,Pain Point,"The apprentice deleted the photos.

The ones you needed for the invoice.

The invoice that's due today.

SCSK auto-backs up everything. Even from apprentices.",#constructionlife #backup #sitemanagement #builder #apprentice #civil #contractor #building #civilconstruction #civilengineer #civilengineering #civilcontractors #architecture #architect,Join the beta ‚Üí sc-sk.com
020,Pain Point,"Rain delay? No worries.

Except now you need to reschedule 6 trades and update the client.

SCSK: Update once. Everyone knows.

Weather happens. Chaos doesn't have to.",#construction #weather #projectmanagement #ukbuilders #sitelife #civil #contractor #building #civilconstruction #civilengineer #civilengineering #civilcontractors #architecture #architect,Get early access ‚Üí sc-sk.com
021,Pain Point,"You know that feeling when the client asks for documentation and your stomach drops?

Yeah, SCSK fixes that.

Log as you go. Stress-free handover.",#documentation #construction #clients #contractor #stressfree #civil #building #civilconstruction #civilengineer #civilengineering #civilcontractors #architecture #architect,Start free ‚Üí sc-sk.com
022,Pain Point,"Sticky notes on the dash.
Texts to yourself.
Voice memos you never listen to.

There's a better system.

SCSK: Quick notes that actually stay organized.",#organization #tradielife #construction #builder #productivity #civil #contractor #building #civilconstruction #civilengineer #civilengineering #civilcontractors #architecture #architect,Beta access ‚Üí sc-sk.com
023,Pain Point,"How many hours a week do you spend on admin?

10? 15? 20?

SCSK users cut that in half.

Because your time is worth more than paperwork.",#constructionbusiness #efficiency #contractor #timesaver #worksmarter #civil #building #civilconstruction #civilengineer #civilengineering #civilcontractors #architecture #architect,Sign up free ‚Üí sc-sk.com
024,Pain Point,"Site meeting in 5 minutes.

Can't find the drawings.
Can't find the schedule.
Can't find the last meeting notes.

Or... just open SCSK.",#constructionlife #sitemanagement #projectmanager #organization #builder #civil #contractor #building #civilconstruction #civilengineer #civilengineering #civilcontractors #architecture #architect,sc-sk.com
025,Pain Point,"""What was the paint color code from the Smith job?""

Good luck finding that in 6 months.

Unless it's in SCSK. Then it's 3 taps away.",#construction #painting #contractor #documentation #buildertools #civil #building #civilconstruction #civilengineer #civilengineering #civilcontractors #architecture #architect,Free beta ‚Üí sc-sk.com
026,Pain Point,"Night before inspection.

Frantically gathering photos, permits, and sign-offs.

Or... use SCSK and have it all ready weeks in advance.",#inspection #construction #compliance #builder #stressfree #civil #contractor #building #civilconstruction #civilengineer #civilengineering #civilcontractors #architecture #architect,Try it free ‚Üí sc-sk.com
027,Pain Point,"Multiple email threads.
Multiple group chats.
Multiple dropbox folders.
Zero organization.

SCSK: One app. One source of truth.",#construction #organization #projectmanagement #contractor #simplify #civil #building #civilconstruction #civilengineer #civilengineering #civilcontractors #architecture #architect,Join the beta ‚Üí sc-sk.com
028,Pain Point,"That sinking feeling when the client says ""We discussed this...""

And you have no record of it.

SCSK logs everything. Cover yourself.",#constructionlife #clients #documentation #builder #protection #civil #contractor #building #civilconstruction #civilengineer #civilengineering #civilcontractors #architecture #architect,Get early access ‚Üí sc-sk.com
029,Pain Point,"End of financial year.

Accountant needs job records.

You need a drink.

SCSK keeps it all exportable. Tax time sorted.",#construction #accounting #business #contractor #taxtime #civil #building #civilconstruction #civilengineer #civilengineering #civilcontractors #architecture #architect,Start free ‚Üí sc-sk.com
030,Pain Point,"The difference between a $5K dispute and a 30-second SCSK search:

Timestamped photos.
Logged communications.
Documented everything.

Protect yourself.",#construction #documentation #disputes #builder #protection #civil #contractor #building #civilconstruction #civilengineer #civilengineering #civilcontractors #architecture #architect,Beta access ‚Üí sc-sk.com
031,Feature,"SCSK Dashboard: Everything at a glance.

‚úì Active jobs
‚úì Today's tasks
‚úì Weather forecast
‚úì Quick actions

Start your day knowing exactly what's happening.",#constructionapp #sitemanagement #productivity #builder #dashboard #civil #contractor #building #civilconstruction #civilengineer #civilengineering #civilcontractors #architecture #architect,Try it free ‚Üí sc-sk.com
032,Feature,"Job tracking that actually makes sense.

Create a job. Add details. Track progress. Done.

No complicated setup. No training needed.

SCSK: Built simple on purpose.",#construction #jobtracking #contractor #simplicity #buildertools #civil #building #civilconstruction #civilengineer #civilengineering #civilcontractors #architecture #architect,Free beta ‚Üí sc-sk.com
033,Feature,"Photos + Jobs = Magic.

Take a photo in SCSK and it's automatically linked to the job.

Timestamped. Geotagged. Organized.

Never lose another site photo.",#constructionphotos #sitemanagement #builder #organization #tech #civil #contractor #building #civilconstruction #civilengineer #civilengineering #civilcontractors #architecture #architect,Join the beta ‚Üí sc-sk.com
034,Feature,"Quick Notes: Your digital pocket notebook.

Jot something down. Find it later.

Syncs across devices. Searchable forever.

The notebook you'll actually use.",#construction #notes #productivity #tradielife #digital #civil #contractor #building #civilconstruction #civilengineer #civilengineering #civilcontractors #architecture #architect,Get early access ‚Üí sc-sk.com
035,Feature,"Contacts organized YOUR way.

By trade. By project. By company.

Electricians here. Plumbers there. Client contacts separate.

Find anyone in seconds.",#networking #construction #contacts #contractor #organization #civil #building #civilconstruction #civilengineer #civilengineering #civilcontractors #architecture #architect,Start free ‚Üí sc-sk.com
036,Feature,"Weather on your dashboard.

7-day forecast for your job sites.

Plan around the rain. No more surprised Pikachu face.",#construction #weather #planning #builder #sitemanagement #civil #contractor #building #civilconstruction #civilengineer #civilengineering #civilcontractors #architecture #architect,Beta access ‚Üí sc-sk.com
037,Feature,"Materials tracking. Simple.

What you need. What you have. What you've used.

No more guessing. No more over-ordering.",#construction #materials #inventory #contractor #efficiency #civil #building #civilconstruction #civilengineer #civilengineering #civilcontractors #architecture #architect,Sign up free ‚Üí sc-sk.com
038,Feature,"Calendar built for construction.

See your jobs. See your tasks. See the weather.

All in one view.

SCSK: Planning made simple.",#construction #calendar #scheduling #projectmanager #planning #civil #contractor #building #civilconstruction #civilengineer #civilengineering #civilcontractors #architecture #architect,sc-sk.com
039,Feature,"Reports in 30 seconds.

Select the job. Pick the date range. Generate.

PDF ready to send.

That's it. That's the feature.",#constructionreports #efficiency #builder #documentation #timesaver #civil #contractor #building #civilconstruction #civilengineer #civilengineering #civilcontractors #architecture #architect,Free beta ‚Üí sc-sk.com
040,Feature,"Works offline. Actually offline.

No signal? No problem.

Photos, notes, job updates - all saved locally.

Syncs when you're back online.",#offlineapp #construction #tradielife #sitemanagement #reliability #civil #contractor #building #civilconstruction #civilengineer #civilengineering #civilcontractors #architecture #architect,Try it free ‚Üí sc-sk.com
041,Feature,"Cross-platform.

Phone on site. Tablet in the ute. Computer at home.

Same data everywhere.

SCSK syncs automatically.",#construction #technology #builder #crossplatform #productivity #civil #contractor #building #civilconstruction #civilengineer #civilengineering #civilcontractors #architecture #architect,Join the beta ‚Üí sc-sk.com
042,Feature,"Job templates.

Doing similar jobs? Save time.

Create once. Reuse forever.

Custom templates for YOUR workflow.",#construction #efficiency #contractor #templates #worksmarter #civil #building #civilconstruction #civilengineer #civilengineering #civilcontractors #architecture #architect,Get early access ‚Üí sc-sk.com
043,Feature,"Photo annotations.

Draw on photos. Add notes. Highlight issues.

Mark up defects. Explain to trades.

Worth 1000 words.",#constructionphotos #annotations #communication #builder #sitemanagement #civil #contractor #building #civilconstruction #civilengineer #civilengineering #civilcontractors #architecture #architect,Start free ‚Üí sc-sk.com
044,Feature,"Search everything.

Jobs. Notes. Contacts. Photos.

Type a few letters. Find what you need.

No more endless scrolling.",#construction #search #efficiency #organization #buildertools #civil #contractor #building #civilconstruction #civilengineer #civilengineering #civilcontractors #architecture #architect,Beta access ‚Üí sc-sk.com
045,Feature,"Backup that happens automatically.

Every photo. Every note. Every update.

Safe in the cloud. Recover anytime.

Sleep better.",#construction #backup #datasafe #builder #peace #civil #contractor #building #civilconstruction #civilengineer #civilengineering #civilcontractors #architecture #architect,Sign up free ‚Üí sc-sk.com
046,Feature,"Dark mode available.

Because sometimes you're on site at 5am.

And sometimes you're planning at midnight.

Your eyes will thank you.",#constructionapp #darkmode #builder #features #design #civil #contractor #building #civilconstruction #civilengineer #civilengineering #civilcontractors #architecture #architect,sc-sk.com
047,Feature,"Job status at a glance.

üî¥ Not started
üü° In progress
üü¢ Complete

Simple. Visual. Effective.",#projectmanagement #construction #status #organization #sitemanagement #civil #contractor #building #civilconstruction #civilengineer #civilengineering #civilcontractors #architecture #architect,Free beta ‚Üí sc-sk.com
048,Feature,"Export anything.

CSV. PDF. Share to any app.

Your data is YOUR data.

Take it wherever you need it.",#construction #export #flexibility #contractor #data #civil #building #civilconstruction #civilengineer #civilengineering #civilcontractors #architecture #architect,Try it free ‚Üí sc-sk.com
049,Feature,"Notes with timestamps.

When did you write that? SCSK knows.

Auto-timestamps everything.

Documentation that holds up.",#construction #documentation #timestamps #builder #protection #civil #contractor #building #civilconstruction #civilengineer #civilengineering #civilcontractors #architecture #architect,Join the beta ‚Üí sc-sk.com
050,Feature,"Fast. Really fast.

No loading screens. No lag. No waiting.

Built for tradies who don't have time to wait.

SCSK: Speed first.",#constructionapp #speed #efficiency #tradielife #performance #civil #contractor #building #civilconstruction #civilengineer #civilengineering #civilcontractors #architecture #architect,Get early access ‚Üí sc-sk.com
051,Calculator,"Tile calculator.

Room size in. Tiles needed out.

Plus 10% waste factor built in.

Stop guessing. Start calculating.",#tilecalculator #construction #tiles #contractor #math #civil #building #civilconstruction #civilengineer #civilengineering #civilcontractors #architecture #architect,Free in SCSK ‚Üí sc-sk.com
052,Calculator,"Concrete calculator.

Length √ó Width √ó Depth = m¬≥

Plus wastage.

Never under-order again.",#concrete #construction #calculator #builder #materials #civil #contractor #building #civilconstruction #civilengineer #civilengineering #civilcontractors #architecture #architect,Try it free ‚Üí sc-sk.com
053,Calculator,"Paint calculator.

Walls in. Litres out.

Accounts for doors, windows, and coats.

Right amount. First time.",#paintcalculator #construction #painting #contractor #materials #civil #building #civilconstruction #civilengineer #civilengineering #civilcontractors #architecture #architect,Join the beta ‚Üí sc-sk.com
054,Calculator,"Brick calculator.

Wall dimensions in. Bricks needed out.

Standard or metric. Your choice.

Math made easy.",#brickcalculator #construction #masonry #builder #bricks #civil #contractor #building #civilconstruction #civilengineer #civilengineering #civilcontractors #architecture #architect,Get early access ‚Üí sc-sk.com
055,Calculator,"Electrical load calculator.

Amps, watts, circuits.

Plan your load correctly.

Safety first. Math second.",#electrical #construction #calculator #sparky #safety #civil #contractor #building #civilconstruction #civilengineer #civilengineering #civilcontractors #architecture #architect,Start free ‚Üí sc-sk.com
056,Calculator,"Grout calculator.

Tile size. Joint width. Area.

Grout bags needed.

Precision ordering.",#grout #tiles #construction #calculator #contractor #civil #building #civilconstruction #civilengineer #civilengineering #civilcontractors #architecture #architect,Beta access ‚Üí sc-sk.com
057,Calculator,"Stair calculator.

Rise. Run. Headroom.

Building code compliant results.

Design stairs that pass inspection.",#staircalculator #construction #carpentry #builder #compliance #civil #contractor #building #civilconstruction #civilengineer #civilengineering #civilcontractors #architecture #architect,Sign up free ‚Üí sc-sk.com
058,Calculator,"Waterproofing calculator.

Area + membrane type = coverage.

Get it right the first time.

Leaks are expensive.",#waterproofing #construction #calculator #contractor #bathrooms #civil #building #civilconstruction #civilengineer #civilengineering #civilcontractors #architecture #architect,sc-sk.com
059,Calculator,"Sand & cement calculator.

Mix ratios built in.

Mortar, screed, render - all covered.

The math you need.",#cement #mortar #construction #calculator #builder #civil #contractor #building #civilconstruction #civilengineer #civilengineering #civilcontractors #architecture #architect,Free in SCSK ‚Üí sc-sk.com
060,Calculator,"Unit converter.

mm ‚Üî inches
m¬≤ ‚Üî ft¬≤
litres ‚Üî gallons

Imperial. Metric. Both.

Convert anything.",#unitconverter #construction #math #imperial #metric #civil #contractor #building #civilconstruction #civilengineer #civilengineering #civilcontractors #architecture #architect,Try it free ‚Üí sc-sk.com
061,Calculator,"Pipe calculator.

Diameter. Length. Flow rate.

Volume calculations made simple.

Plumbers love this one.",#plumbing #construction #calculator #pipes #contractor #civil #building #civilconstruction #civilengineer #civilengineering #civilcontractors #architecture #architect,Join the beta ‚Üí sc-sk.com
062,Calculator,"11 trade calculators.

All free. All built-in.

Tile. Concrete. Paint. Brick. Electrical.
Grout. Stairs. Waterproofing. Sand & Cement.
Unit converter. Pipe.

SCSK does the math.",#constructioncalculator #buildertools #tradetools #contractor #math #civil #building #civilconstruction #civilengineer #civilengineering #civilcontractors #architecture #architect,Get early access ‚Üí sc-sk.com
063,Calculator,"How many tiles?

Stop doing mental math.
Stop overordering.
Stop making extra trips.

SCSK tile calculator. Exact numbers.",#tiles #construction #calculator #tradielife #efficiency #civil #contractor #building #civilconstruction #civilengineer #civilengineering #civilcontractors #architecture #architect,Start free ‚Üí sc-sk.com
064,Calculator,"Concrete pour tomorrow?

m¬≥ calculated.
Wastage included.
Truck ready.

SCSK concrete calculator saves the guesswork.",#concrete #construction #calculator #builder #planning #civil #contractor #building #civilconstruction #civilengineer #civilengineering #civilcontractors #architecture #architect,Beta access ‚Üí sc-sk.com
065,Calculator,"Paint estimate needed fast?

Measure walls. Enter in SCSK.
Get litres needed. Account for coats.

Quote accurately.",#painting #construction #calculator #contractor #quoting #civil #building #civilconstruction #civilengineer #civilengineering #civilcontractors #architecture #architect,Sign up free ‚Üí sc-sk.com
066,Photo,"Your site photos, organized.

By project. By date. By tag.

Find any photo in seconds.

Never scroll through 3000 images again.",#constructionphotos #organization #sitemanagement #builder #photos #civil #contractor #building #civilconstruction #civilengineer #civilengineering #civilcontractors #architecture #architect,Free beta ‚Üí sc-sk.com
067,Photo,"Before and after.

Document everything.

Start of job. End of job. Every stage between.

SCSK makes it automatic.",#constructionphotos #documentation #beforeafter #contractor #evidence #civil #building #civilconstruction #civilengineer #civilengineering #civilcontractors #architecture #architect,Try it free ‚Üí sc-sk.com
068,Photo,"Photo timestamps that matter.

When was that photo taken?
At which job site?
Who took it?

SCSK logs it all automatically.",#sitemanagement #photos #timestamps #construction #documentation #civil #contractor #building #civilconstruction #civilengineer #civilengineering #civilcontractors #architecture #architect,Join the beta ‚Üí sc-sk.com
069,Photo,"Export job photos.

Select project. Pick date range. Export.

All photos. Organized. Labeled.

Client-ready in minutes.",#constructionphotos #export #clients #builder #professional #civil #contractor #building #civilconstruction #civilengineer #civilengineering #civilcontractors #architecture #architect,Get early access ‚Üí sc-sk.com
070,Photo,"Geotagged photos.

GPS coordinates on every shot.

Prove where and when.

Protection that's automatic.",#sitephotos #construction #gps #documentation #contractor #civil #building #civilconstruction #civilengineer #civilengineering #civilcontractors #architecture #architect,Start free ‚Üí sc-sk.com
071,Photo,"Site photos without camera roll chaos.

SCSK photos stay with SCSK.

Personal life and work life: separated.",#constructionphotos #organization #worklifebalance #builder #photos #civil #contractor #building #civilconstruction #civilengineer #civilengineering #civilcontractors #architecture #architect,Beta access ‚Üí sc-sk.com
072,Photo,"Defect documentation.

Photo. Mark up. Note.

All linked to the job.

Cover yourself when disputes arise.",#defects #construction #documentation #photos #protection #civil #contractor #building #civilconstruction #civilengineer #civilengineering #civilcontractors #architecture #architect,Sign up free ‚Üí sc-sk.com
073,Photo,"Progress photos made easy.

Same angle. Different days.

Visual progress reports that clients love.

SCSK remembers where you stood.",#constructionphotos #progress #clients #sitemanagement #visual #civil #contractor #building #civilconstruction #civilengineer #civilengineering #civilcontractors #architecture #architect,sc-sk.com
074,Photo,"Photo backup that happens.

Every site photo. Automatically saved.

Phone dies? No problem.

Your photos are safe.",#backup #constructionphotos #datasafe #tradielife #protection #civil #contractor #building #civilconstruction #civilengineer #civilengineering #civilcontractors #architecture #architect,Free beta ‚Üí sc-sk.com
075,Photo,"Search photos by date.

""Show me all photos from Smith job, week 3.""

Boom. Found.

Try doing that with your camera roll.",#sitephotos #search #construction #organization #efficiency #civil #contractor #building #civilconstruction #civilengineer #civilengineering #civilcontractors #architecture #architect,Try it free ‚Üí sc-sk.com
076,Photo,"Mark up photos on site.

Draw arrows. Circle problems. Add notes.

Send to trades.

One picture. Zero confusion.",#constructionphotos #markup #communication #builder #clarity #civil #contractor #building #civilconstruction #civilengineer #civilengineering #civilcontractors #architecture #architect,Join the beta ‚Üí sc-sk.com
077,Photo,"Photo albums per project.

Automatically sorted.

Foundation. Framing. Finishing.

Documentation made beautiful.",#constructionphotos #organization #projects #contractor #professional #civil #building #civilconstruction #civilengineer #civilengineering #civilcontractors #architecture #architect,Get early access ‚Üí sc-sk.com
078,Photo,"Client photo requests? Easy.

Filter. Select. Export. Send.

What used to take an hour takes 2 minutes.

SCSK photo management.",#sitephotos #clients #efficiency #construction #timesaver #civil #contractor #building #civilconstruction #civilengineer #civilengineering #civilcontractors #architecture #architect,Start free ‚Üí sc-sk.com
079,Beta,"Join the SCSK beta.

Free access.
Weekly updates.
Your feedback shapes the app.

Be first. Be heard.",#betatesters #constructiontech #earlyadopter #builder #newapp #civil #contractor #building #civilconstruction #civilengineer #civilengineering #civilcontractors #architecture #architect,Join now ‚Üí sc-sk.com
080,Beta,"Beta testers wanted.

Looking for builders, tradies, and site managers who want to make their lives easier.

Free access. Real impact.",#beta #construction #contractor #feedback #earlyadopter #civil #building #civilconstruction #civilengineer #civilengineering #civilcontractors #architecture #architect,Sign up ‚Üí sc-sk.com
081,Beta,"Why join the beta?

‚úì Free access
‚úì First to get features
‚úì Direct line to the developer
‚úì Shape the roadmap

Join 100+ construction pros testing SCSK.",#constructiontech #betatesters #newapp #builder #community #civil #contractor #building #civilconstruction #civilengineer #civilengineering #civilcontractors #architecture #architect,Free ‚Üí sc-sk.com
082,Beta,"Be first.

SCSK is in beta.

Early users get:
- Free access
- Priority support
- Feature requests heard

Limited spots.",#earlyadopter #construction #beta #contractor #exclusive #civil #building #civilconstruction #civilengineer #civilengineering #civilcontractors #architecture #architect,Join today ‚Üí sc-sk.com
083,Beta,"Testing a construction app.

Need real feedback from real sites.

If you work in construction, I want to hear from you.

Beta access is free.",#constructionapp #beta #feedback #tradielife #testing #civil #contractor #building #civilconstruction #civilengineer #civilengineering #civilcontractors #architecture #architect,sc-sk.com
084,Beta,"Free while in beta.

Full access. All features.

No credit card. No commitment.

Just construction pros helping build something useful.",#free #beta #construction #buildertools #nostrings #civil #contractor #building #civilconstruction #civilengineer #civilengineering #civilcontractors #architecture #architect,Try it ‚Üí sc-sk.com
085,Beta,"Request a feature.

Beta users get direct input.

What do YOU need on site?

Tell me. I'll build it.",#constructiontech #features #feedback #builder #customapp #civil #contractor #building #civilconstruction #civilengineer #civilengineering #civilcontractors #architecture #architect,Join beta ‚Üí sc-sk.com
086,Beta,"Small beta. Big impact.

Every tester's feedback matters.

Help build the app the construction industry actually needs.

Spots limited.",#beta #construction #impact #contractor #community #civil #building #civilconstruction #civilengineer #civilengineering #civilcontractors #architecture #architect,Sign up ‚Üí sc-sk.com
087,Beta,"No risk. Just rewards.

Beta testing SCSK costs nothing.

Worst case: You don't like it.
Best case: You find your new favorite tool.",#riskfree #beta #constructiontech #tradielife #trynow #civil #contractor #building #civilconstruction #civilengineer #civilengineering #civilcontractors #architecture #architect,Free access ‚Üí sc-sk.com
088,Beta,"Weekly updates.

Beta users get new features first.

Real problems. Real solutions. Real fast.

Join the beta crew.",#betatesters #updates #constructionapp #builder #features #civil #contractor #building #civilconstruction #civilengineer #civilengineering #civilcontractors #architecture #architect,Join now ‚Üí sc-sk.com
089,Founder,"I'm a site foreman who learned to code.

Why? Because every construction app I tried was built by people who've never set foot on a site.

So I built my own.

Welcome to SCSK.",#founder #construction #builtbyatradie #tradielife #startup #civil #contractor #building #civilconstruction #civilengineer #civilengineering #civilcontractors #architecture #architect,sc-sk.com
090,Founder,"Built BY a tradie.
FOR tradies.

No investors. No enterprise bloat. No features you don't need.

Just useful tools from someone who gets it.",#construction #founder #tradietech #builder #authentic #civil #contractor #building #civilconstruction #civilengineer #civilengineering #civilcontractors #architecture #architect,Free beta ‚Üí sc-sk.com
091,Founder,"Every feature in SCSK exists because I needed it on site.

Not because a marketing team thought it sounded good.

Real problems. Real solutions.",#constructiontech #founder #realworld #contractor #practical #civil #building #civilconstruction #civilengineer #civilengineering #civilcontractors #architecture #architect,Try it free ‚Üí sc-sk.com
092,Founder,"I spent 15 years on construction sites.

Now I'm building the app I wish I had.

SCSK: From the ground up. Literally.",#founder #construction #experience #builder #fromthesite #civil #contractor #building #civilconstruction #civilengineer #civilengineering #civilcontractors #architecture #architect,Join the beta ‚Üí sc-sk.com
093,Founder,"One developer. One mission.

Make construction admin suck less.

SCSK is a solo project built with love and Site experience.",#solofounder #construction #passion #tradielife #indie #civil #contractor #building #civilconstruction #civilengineer #civilengineering #civilcontractors #architecture #architect,Get early access ‚Üí sc-sk.com
094,Founder,"Why trust SCSK?

Because I'll be using it alongside you.

My own jobs. My own sites. My own problems.

We're in this together.",#founder #construction #trust #builder #authentic #civil #contractor #building #civilconstruction #civilengineer #civilengineering #civilcontractors #architecture #architect,Start free ‚Üí sc-sk.com
095,Founder,"I answer every email personally.

Bug report? I fix it.
Feature request? I hear it.
Question? I answer it.

Real support from a real person.",#support #founder #construction #contractor #personal #civil #building #civilconstruction #civilengineer #civilengineering #civilcontractors #architecture #architect,Beta access ‚Üí sc-sk.com
096,Founder,"Not backed by venture capital.
Not built by a tech bro.
Not designed in Silicon Valley.

Built on site. For the site.

SCSK: Construction-first.",#indie #construction #authentic #tradielife #buildertools #civil #contractor #building #civilconstruction #civilengineer #civilengineering #civilcontractors #architecture #architect,Sign up free ‚Üí sc-sk.com
097,Founder,"Weekly updates. Every week.

I ship improvements constantly.

Beta users see the app evolve in real-time.

Your feedback ‚Üí Next week's features.",#founder #updates #constructionapp #builder #agile #civil #contractor #building #civilconstruction #civilengineer #civilengineering #civilcontractors #architecture #architect,sc-sk.com
098,Founder,"When you email SCSK, you email me.

I'm the builder. The coder. The support.

A real tradie who gives a damn about your experience.",#support #founder #construction #tradielife #personal #civil #contractor #building #civilconstruction #civilengineer #civilengineering #civilcontractors #architecture #architect,Free beta ‚Üí sc-sk.com
099,Tips,"Document as you go.

5 seconds now saves 5 hours later.

Photo. Note. Move on.

Your future self will thank you.",#constructiontips #documentation #builder #advice #efficiency #civil #contractor #building #civilconstruction #civilengineer #civilengineering #civilcontractors #architecture #architect,Try SCSK ‚Üí sc-sk.com
100,Tips,"End of each day: 2 minute update.

What got done. What's next. Any issues.

Tiny habit. Huge payoff.

SCSK makes it easy.",#productivitytips #construction #habits #contractor #endofday #civil #building #civilconstruction #civilengineer #civilengineering #civilcontractors #architecture #architect,Free beta ‚Üí sc-sk.com
101,Tips,"Weather check every morning.

5 seconds that can save a day of wasted work.

SCSK shows 7-day forecast on your dashboard.",#weatherplanning #construction #tips #builder #planning #civil #contractor #building #civilconstruction #civilengineer #civilengineering #civilcontractors #architecture #architect,Join the beta ‚Üí sc-sk.com
102,Tips,"Client communication tip:

Progress photos > Progress texts.

Show, don't tell.

SCSK makes sharing site photos effortless.",#clienttips #construction #communication #photos #professional #civil #contractor #building #civilconstruction #civilengineer #civilengineering #civilcontractors #architecture #architect,Get early access ‚Üí sc-sk.com
103,Tips,"Quote tip: Keep records of past jobs.

Similar job 2 years ago? Check what it actually cost.

Data beats guessing.

SCSK keeps your history.",#quotingtips #construction #contractor #pricing #data #civil #building #civilconstruction #civilengineer #civilengineering #civilcontractors #architecture #architect,Start free ‚Üí sc-sk.com
104,Tips,"Before leaving site: Quick photo walk.

3 minutes. Every angle.

Covers you if questions come up later.

Make it a habit.",#sitetips #construction #photos #protection #builder #civil #contractor #building #civilconstruction #civilengineer #civilengineering #civilcontractors #architecture #architect,Beta access ‚Üí sc-sk.com
105,Tips,"Label your photos.

""Kitchen window"" beats ""IMG_4587.jpg""

SCSK lets you tag as you shoot.

Future you needs this.",#organizationtips #photos #construction #efficiency #labeling #civil #contractor #building #civilconstruction #civilengineer #civilengineering #civilcontractors #architecture #architect,Sign up free ‚Üí sc-sk.com
106,Tips,"Dispute protection 101:

1. Photo everything
2. Timestamp everything
3. Back everything up

SCSK does all three automatically.",#disputeprotection #construction #tips #documentation #builder #civil #contractor #building #civilconstruction #civilengineer #civilengineering #civilcontractors #architecture #architect,sc-sk.com
107,Tips,"New project checklist:

‚òê Job created in SCSK
‚òê Client contact added
‚òê Site address saved
‚òê Before photos taken

Start organized. Stay organized.",#projecttips #construction #checklist #contractor #organization #civil #building #civilconstruction #civilengineer #civilengineering #civilcontractors #architecture #architect,Free beta ‚Üí sc-sk.com
108,Tips,"Invoice faster:

Log materials as you buy.
Track time as you work.
Export when done.

No more end-of-job scramble.",#invoicingtips #construction #efficiency #builder #admin #civil #contractor #building #civilconstruction #civilengineer #civilengineering #civilcontractors #architecture #architect,Try it free ‚Üí sc-sk.com
109,Tips,"Communication saves callbacks.

Before making any change:
1. Photo current state
2. Note the discussion
3. Photo after

CYA 101.",#constructiontips #communication #callbacks #contractor #protection #civil #building #civilconstruction #civilengineer #civilengineering #civilcontractors #architecture #architect,Join the beta ‚Üí sc-sk.com
110,Tips,"Material delivery? Photo it.

What arrived. What condition. What's missing.

2 minutes of documentation = bulletproof records.",#materialtips #construction #delivery #documentation #builder #civil #contractor #building #civilconstruction #civilengineer #civilengineering #civilcontractors #architecture #architect,Get early access ‚Üí sc-sk.com
111,Tips,"Weekly site summary.

Every Friday: Quick note on each job.

Start Monday knowing exactly where everything stands.

SCSK templates make it fast.",#weeklytips #construction #planning #sitemanagement #friday #civil #contractor #building #civilconstruction #civilengineer #civilengineering #civilcontractors #architecture #architect,Start free ‚Üí sc-sk.com
112,Tips,"Trade contact tip:

Note their specialty. Rate their work.

Next time you need a tiler, you'll know who to call.

SCSK contact notes.",#networkingtips #trades #construction #contacts #builder #civil #contractor #building #civilconstruction #civilengineer #civilengineering #civilcontractors #architecture #architect,Beta access ‚Üí sc-sk.com
113,Tips,"Problem on site? Document before fixing.

Photo the issue.
Note what caused it.
Photo the fix.

Evidence that protects everyone.",#problemsolving #construction #documentation #tips #protection #civil #contractor #building #civilconstruction #civilengineer #civilengineering #civilcontractors #architecture #architect,Sign up free ‚Üí sc-sk.com
114,Social Proof,"""Finally, an app that works offline.""

Real feedback from a real site manager.

SCSK: Built for where you actually work.",#testimonial #construction #offline #sitemanagement #realfeedback #civil #contractor #building #civilconstruction #civilengineer #civilengineering #civilcontractors #architecture #architect,Try it free ‚Üí sc-sk.com
115,Social Proof,"""I used to lose an hour a day to admin. Now it's 15 minutes.""

45 minutes saved. Every day.

That's 3+ hours a week back.",#results #construction #timesaver #productivity #testimonial #civil #contractor #building #civilconstruction #civilengineer #civilengineering #civilcontractors #architecture #architect,Free beta ‚Üí sc-sk.com
116,Social Proof,"""The photo organization alone is worth it.""

No more camera roll chaos.

Site photos that actually stay organized.",#testimonial #photos #construction #organization #worth #civil #contractor #building #civilconstruction #civilengineer #civilengineering #civilcontractors #architecture #architect,Join the beta ‚Üí sc-sk.com
117,Social Proof,"""Wish I had this 10 years ago.""

Better late than never.

Join the beta and see why.",#testimonial #construction #builder #feedback #experience #civil #contractor #building #civilconstruction #civilengineer #civilengineering #civilcontractors #architecture #architect,Get early access ‚Üí sc-sk.com
118,Social Proof,"""My wife doesn't complain about my camera roll anymore.""

Work photos stay in SCSK.

Family photos stay personal.

Everyone wins.",#testimonial #worklifebalance #construction #photos #family #civil #contractor #building #civilconstruction #civilengineer #civilengineering #civilcontractors #architecture #architect,Start free ‚Üí sc-sk.com
119,Social Proof,"""Reports that used to take 2 hours now take 2 minutes.""

Real numbers. Real user.

SCSK: Time back in your day.",#results #construction #reports #efficiency #timesaver #civil #contractor #building #civilconstruction #civilengineer #civilengineering #civilcontractors #architecture #architect,Beta access ‚Üí sc-sk.com
120,Social Proof,"""Simple. That's the best part. It's actually simple.""

No training videos. No onboarding calls.

Download and go.",#testimonial #simplicity #construction #easyuse #builder #civil #contractor #building #civilconstruction #civilengineer #civilengineering #civilcontractors #architecture #architect,Sign up free ‚Üí sc-sk.com
121,Social Proof,"""I requested a feature on Monday. It was in the app by Friday.""

That's beta life.

Your voice matters here.",#betafeedback #construction #features #responsive #builder #civil #contractor #building #civilconstruction #civilengineer #civilengineering #civilcontractors #architecture #architect,sc-sk.com
122,Social Proof,"""The calculators save me 20 minutes a day in mental math.""

Tiles. Concrete. Paint. 

All calculated. All accurate.",#testimonial #calculators #construction #timesaver #math #civil #contractor #building #civilconstruction #civilengineer #civilengineering #civilcontractors #architecture #architect,Free beta ‚Üí sc-sk.com
123,Social Proof,"""First app that actually understands construction sites.""

Built by someone who works on them.

That's the difference.",#testimonial #construction #authentic #buildertools #sitelife #civil #contractor #building #civilconstruction #civilengineer #civilengineering #civilcontractors #architecture #architect,Try it free ‚Üí sc-sk.com
124,Compare,"SCSK vs Paper:

Paper gets wet. ‚ùå
Paper gets lost. ‚ùå
Paper can't be searched. ‚ùå
Paper doesn't back up. ‚ùå

SCSK does all of this. ‚úì",#construction #ditchthepaper #digital #builder #upgrade #civil #contractor #building #civilconstruction #civilengineer #civilengineering #civilcontractors #architecture #architect,Free beta ‚Üí sc-sk.com
125,Compare,"SCSK vs Spreadsheets:

Spreadsheets don't work offline.
Spreadsheets don't take photos.
Spreadsheets aren't built for sites.

SCSK is.",#construction #spreadsheets #comparison #contractor #buildertools #civil #building #civilconstruction #civilengineer #civilengineering #civilcontractors #architecture #architect,Try it free ‚Üí sc-sk.com
126,Compare,"SCSK vs Enterprise software:

Enterprise: $50+ per user/month
SCSK: Free beta

Enterprise: 6-month onboarding
SCSK: Download and go

Enterprise: Built for offices
SCSK: Built for sites",#construction #software #comparison #pricing #builder #civil #contractor #building #civilconstruction #civilengineer #civilengineering #civilcontractors #architecture #architect,Join the beta ‚Üí sc-sk.com
127,Compare,"SCSK vs Notes app:

Notes can't organize photos.
Notes can't track jobs.
Notes can't generate reports.
Notes weren't built for construction.

SCSK was.",#construction #comparison #notesapp #buildertools #purpose #civil #contractor #building #civilconstruction #civilengineer #civilengineering #civilcontractors #architecture #architect,Get early access ‚Üí sc-sk.com
128,Compare,"SCSK vs Your current system:

Is your current system working?

Really?

Maybe try something built for construction.",#construction #comparison #upgrade #contractor #change #civil #building #civilconstruction #civilengineer #civilengineering #civilcontractors #architecture #architect,Start free ‚Üí sc-sk.com
129,Compare,"SCSK vs Doing nothing:

Lost photos: Priceless
Lost time: Hours/week
Lost disputes: $$$

SCSK: Free to try",#construction #comparison #cost #builder #roi #civil #contractor #building #civilconstruction #civilengineer #civilengineering #civilcontractors #architecture #architect,Beta access ‚Üí sc-sk.com
130,Compare,"SCSK vs Generic project apps:

They don't understand trades.
They don't work offline.
They're not built for sites.

SCSK is different.",#construction #comparison #generic #sitemanagement #purpose #civil #contractor #building #civilconstruction #civilengineer #civilengineering #civilcontractors #architecture #architect,Sign up free ‚Üí sc-sk.com
131,Compare,"The old way:
üìù Paper notes
üìä Multiple spreadsheets
üì± Camera roll chaos
üìß Email threads

The SCSK way:
üì± One app. Everything.",#construction #oldvsnew #upgrade #simplify #builder #civil #contractor #building #civilconstruction #civilengineer #civilengineering #civilcontractors #architecture #architect,sc-sk.com
132,Quick Win,One app. All your jobs.,#construction #simplicity #builder #organization #oneapp #civil #contractor #building #civilconstruction #civilengineer #civilengineering #civilcontractors #architecture #architect,sc-sk.com
133,Quick Win,Photos that organize themselves.,#constructionphotos #automation #builder #efficiency #photos #civil #contractor #building #civilconstruction #civilengineer #civilengineering #civilcontractors #architecture #architect,Free beta ‚Üí sc-sk.com
134,Quick Win,Works offline. Actually.,#offlineapp #construction #reliable #tradielife #site #civil #contractor #building #civilconstruction #civilengineer #civilengineering #civilcontractors #architecture #architect,Try it free ‚Üí sc-sk.com
135,Quick Win,Reports in seconds.,#reports #construction #speed #efficiency #builder #civil #contractor #building #civilconstruction #civilengineer #civilengineering #civilcontractors #architecture #architect,Join the beta ‚Üí sc-sk.com
136,Quick Win,Built by a tradie. For tradies.,#authentic #construction #tradielife #builder #real #civil #contractor #building #civilconstruction #civilengineer #civilengineering #civilcontractors #architecture #architect,Get early access ‚Üí sc-sk.com
137,Quick Win,Find any photo. 3 taps.,#photos #search #construction #speed #organization #civil #contractor #building #civilconstruction #civilengineer #civilengineering #civilcontractors #architecture #architect,Start free ‚Üí sc-sk.com
138,Quick Win,11 trade calculators. All free.,#calculators #construction #free #buildertools #math #civil #contractor #building #civilconstruction #civilengineer #civilengineering #civilcontractors #architecture #architect,Beta access ‚Üí sc-sk.com
139,Quick Win,Your data. Your device. Your backup.,#datasafe #construction #backup #builder #protection #civil #contractor #building #civilconstruction #civilengineer #civilengineering #civilcontractors #architecture #architect,Sign up free ‚Üí sc-sk.com
140,Quick Win,No subscription. No catches. Just beta.,#free #beta #construction #nostrings #honest #civil #contractor #building #civilconstruction #civilengineer #civilengineering #civilcontractors #architecture #architect,sc-sk.com
141,Quick Win,Site management. Simplified.,#sitemanagement #construction #simple #builder #efficiency #civil #contractor #building #civilconstruction #civilengineer #civilengineering #civilcontractors #architecture #architect,Free beta ‚Üí sc-sk.com
142,Quick Win,Stop searching. Start finding.,#organization #construction #search #efficiency #productivity #civil #contractor #building #civilconstruction #civilengineer #civilengineering #civilcontractors #architecture #architect,Try it free ‚Üí sc-sk.com
143,Quick Win,Document as you go. Done.,#documentation #construction #simple #builder #habit #civil #contractor #building #civilconstruction #civilengineer #civilengineering #civilcontractors #architecture #architect,Join the beta ‚Üí sc-sk.com
144,Quick Win,Admin in half the time.,#admin #construction #timesaver #efficiency #builder #civil #contractor #building #civilconstruction #civilengineer #civilengineering #civilcontractors #architecture #architect,Get early access ‚Üí sc-sk.com
145,Quick Win,Every photo timestamped. Automatically.,#timestamps #photos #construction #automatic #protection #civil #contractor #building #civilconstruction #civilengineer #civilengineering #civilcontractors #architecture #architect,Start free ‚Üí sc-sk.com
146,Pain Point,"Variation claims without documentation = good luck.

SCSK logs everything.

Photos. Notes. Timestamps.

The evidence you need, when you need it.",#variations #construction #documentation #claims #protection #civil #contractor #building #civilconstruction #civilengineer #civilengineering #civilcontractors #architecture #architect,Free beta ‚Üí sc-sk.com
147,Pain Point,"How many times have you re-explained something to a trade?

Note it once. Share it forever.

SCSK: Say it once. Done.",#communication #construction #trades #efficiency #builder #civil #contractor #building #civilconstruction #civilengineer #civilengineering #civilcontractors #architecture #architect,Try it free ‚Üí sc-sk.com
148,Pain Point,"Insurance wants photos.
Client wants photos.
Your records need photos.

Where are the photos?

SCSK: Organized. Always.",#insurance #construction #photos #organization #documentation #civil #contractor #building #civilconstruction #civilengineer #civilengineering #civilcontractors #architecture #architect,Join the beta ‚Üí sc-sk.com
149,Pain Point,"Every minute spent on admin is a minute not spent building.

SCSK cuts admin time in half.

Build more. Paperwork less.",#admin #construction #timesaver #productivity #builder #civil #contractor #building #civilconstruction #civilengineer #civilengineering #civilcontractors #architecture #architect,Get early access ‚Üí sc-sk.com
150,Pain Point,"Trying to remember what was agreed 3 months ago.

Your word vs theirs.

Unless you have SCSK records.",#disputes #construction #memory #documentation #protection #civil #contractor #building #civilconstruction #civilengineer #civilengineering #civilcontractors #architecture #architect,Start free ‚Üí sc-sk.com
151,Pain Point,"""I'll remember that.""

No. You won't.

SCSK remembers for you.",#memory #construction #notes #builder #reality #civil #contractor #building #civilconstruction #civilengineer #civilengineering #civilcontractors #architecture #architect,Beta access ‚Üí sc-sk.com
152,Pain Point,"Switching between 5 apps to manage one job.

Photos here. Notes there. Calendar somewhere else.

Or just use SCSK.",#appfatigue #construction #simplify #oneapp #builder #civil #contractor #building #civilconstruction #civilengineer #civilengineering #civilcontractors #architecture #architect,Sign up free ‚Üí sc-sk.com
153,Pain Point,"Late to site because you couldn't find the address.

SCSK: Job address + map link. One tap.

Never drive in circles again.",#navigation #construction #siteaddress #efficiency #tradielife #civil #contractor #building #civilconstruction #civilengineer #civilengineering #civilcontractors #architecture #architect,sc-sk.com
154,Pain Point,"Warranty callback from a job 2 years ago.

What did you actually do?
What materials did you use?
What did it look like when you left?

SCSK knows.",#warranty #construction #records #protection #builder #civil #contractor #building #civilconstruction #civilengineer #civilengineering #civilcontractors #architecture #architect,Free beta ‚Üí sc-sk.com
155,Pain Point,"The apprentice ""didn't get the message.""

Because it was in a group chat with 400 other messages.

SCSK: Job notes visible to everyone on the job.",#communication #construction #apprentice #teamwork #clarity #civil #contractor #building #civilconstruction #civilengineer #civilengineering #civilcontractors #architecture #architect,Try it free ‚Üí sc-sk.com
156,Feature,"Multi-site dashboard.

All your active jobs.
All their statuses.
All on one screen.

Birds-eye view of your work.",#multisite #construction #dashboard #projectmanager #overview #civil #contractor #building #civilconstruction #civilengineer #civilengineering #civilcontractors #architecture #architect,Join the beta ‚Üí sc-sk.com
157,Feature,"Quick capture.

Photo ‚Üí Auto-tagged ‚Üí Job linked ‚Üí Done.

3 seconds to document anything.

Fast enough to actually use.",#quickcapture #construction #photos #speed #efficiency #civil #contractor #building #civilconstruction #civilengineer #civilengineering #civilcontractors #architecture #architect,Get early access ‚Üí sc-sk.com
158,Feature,"Job timeline.

Everything that happened. When it happened.

Visual history of every project.

Scroll through time.",#timeline #construction #history #sitemanagement #visual #civil #contractor #building #civilconstruction #civilengineer #civilengineering #civilcontractors #architecture #architect,Start free ‚Üí sc-sk.com
159,Feature,"Custom job fields.

Track what matters to YOU.

Every trade is different.

SCSK adapts.",#customization #construction #flexibility #builder #yourway #civil #contractor #building #civilconstruction #civilengineer #civilengineering #civilcontractors #architecture #architect,Beta access ‚Üí sc-sk.com
160,Feature,"Share job access.

Invite other team members.

Everyone sees the same info.

No more ""I didn't know"" excuses.",#teamwork #construction #sharing #collaboration #sync #civil #contractor #building #civilconstruction #civilengineer #civilengineering #civilcontractors #architecture #architect,Sign up free ‚Üí sc-sk.com
161,Feature,"Material receipts.

Snap. Link to job. Done.

Tax time = Easy time.

Every receipt accounted for.",#receipts #construction #materials #tax #organization #civil #contractor #building #civilconstruction #civilengineer #civilengineering #civilcontractors #architecture #architect,sc-sk.com
162,Feature,"Job costing.

Track what you quoted vs what you spent.

Know your margins.

Build smarter.",#jobcosting #construction #margins #business #builder #civil #contractor #building #civilconstruction #civilengineer #civilengineering #civilcontractors #architecture #architect,Free beta ‚Üí sc-sk.com
163,Feature,"Priority flags.

üî¥ Urgent
üü° Important  
üü¢ Normal

Sort jobs by what needs attention.

Focus on what matters.",#priorities #construction #organization #focus #builder #civil #contractor #building #civilconstruction #civilengineer #civilengineering #civilcontractors #architecture #architect,Try it free ‚Üí sc-sk.com
164,Feature,"Location-aware.

SCSK knows when you're on site.

Auto-suggests the right job.

One less tap.",#location #construction #smart #efficiency #automation #civil #contractor #building #civilconstruction #civilengineer #civilengineering #civilcontractors #architecture #architect,Join the beta ‚Üí sc-sk.com
165,Feature,"Task lists per job.

Break jobs into tasks.

Check off as you go.

Satisfaction guaranteed.",#tasklist #construction #organization #progress #builder #civil #contractor #building #civilconstruction #civilengineer #civilengineering #civilcontractors #architecture #architect,Get early access ‚Üí sc-sk.com
166,Calculator,"Roof calculator.

Pitch. Area. Materials.

Sheets or tiles - we've got you.

Math for the top of the house.",#roofing #construction #calculator #materials #builder #civil #contractor #building #civilconstruction #civilengineer #civilengineering #civilcontractors #architecture #architect,Start free ‚Üí sc-sk.com
167,Calculator,"Decking calculator.

Area. Board width. Spacing.

Boards needed. Posts needed.

Outdoor math sorted.",#decking #construction #calculator #outdoor #builder #civil #contractor #building #civilconstruction #civilengineer #civilengineering #civilcontractors #architecture #architect,Beta access ‚Üí sc-sk.com
168,Calculator,"Fencing calculator.

Length. Post spacing. Rails.

Posts. Rails. Palings.

All calculated.",#fencing #construction #calculator #outdoor #contractor #civil #building #civilconstruction #civilengineer #civilengineering #civilcontractors #architecture #architect,Sign up free ‚Üí sc-sk.com
169,Calculator,"Flooring calculator.

Room dimensions. Plank size.

Packs needed. Wastage included.

Floor it with confidence.",#flooring #construction #calculator #materials #builder #civil #contractor #building #civilconstruction #civilengineer #civilengineering #civilcontractors #architecture #architect,sc-sk.com
170,Calculator,"Render calculator.

Wall area. Coat thickness.

Bags needed. Coverage guaranteed.

Smooth results.",#rendering #construction #calculator #materials #contractor #civil #building #civilconstruction #civilengineer #civilengineering #civilcontractors #architecture #architect,Free beta ‚Üí sc-sk.com
171,Photo,"Photo categories.

Before. During. After. Defect. Progress. Completion.

Auto-organized by type.

Find what you need instantly.",#photocategories #construction #organization #sitemanagement #photos #civil #contractor #building #civilconstruction #civilengineer #civilengineering #civilcontractors #architecture #architect,Try it free ‚Üí sc-sk.com
172,Photo,"Client photo sharing.

Select. Share link. Done.

They see what you want them to see.

Professional. Clean. Easy.",#clientsharing #photos #construction #professional #builder #civil #contractor #building #civilconstruction #civilengineer #civilengineering #civilcontractors #architecture #architect,Join the beta ‚Üí sc-sk.com
173,Photo,"Photo notes.

Add context to any image.

""Crack appeared after rain""
""Client requested change""

Photos that tell the story.",#photonotes #construction #context #documentation #builder #civil #contractor #building #civilconstruction #civilengineer #civilengineering #civilcontractors #architecture #architect,Get early access ‚Üí sc-sk.com
174,Photo,"Comparison shots.

Same angle. Different dates.

Swipe to see progress.

Visual proof that impresses clients.",#comparison #photos #construction #progress #visual #civil #contractor #building #civilconstruction #civilengineer #civilengineering #civilcontractors #architecture #architect,Start free ‚Üí sc-sk.com
175,Photo,"Photo storage that makes sense.

Not by date taken.
By job.
By phase.
By what you actually need.

SCSK logic.",#photostorage #construction #organization #logic #builder #civil #contractor #building #civilconstruction #civilengineer #civilengineering #civilcontractors #architecture #architect,Beta access ‚Üí sc-sk.com
176,Beta,"Still using notes and spreadsheets?

There's a better way.

SCSK beta: Free access to the tool built for sites.

Try something new.",#betainvite #construction #upgrade #digital #builder #civil #contractor #building #civilconstruction #civilengineer #civilengineering #civilcontractors #architecture #architect,Sign up free ‚Üí sc-sk.com
177,Beta,"Beta user feedback shapes everything.

What do construction pros actually need?

Join and tell me.

Your voice matters.",#betafeedback #construction #community #builder #voice #civil #contractor #building #civilconstruction #civilengineer #civilengineering #civilcontractors #architecture #architect,sc-sk.com
178,Beta,"Construction deserves better tools.

Help me build them.

Beta access: Free.
Impact: Real.

Join the mission.",#betamission #construction #tools #builder #impact #civil #contractor #building #civilconstruction #civilengineer #civilengineering #civilcontractors #architecture #architect,Free beta ‚Üí sc-sk.com
179,Beta,"See what's coming.

Beta users get early access to features before anyone else.

Be part of building SCSK.",#earlyaccess #construction #beta #features #builder #civil #contractor #building #civilconstruction #civilengineer #civilengineering #civilcontractors #architecture #architect,Try it free ‚Üí sc-sk.com
180,Beta,"Why wait?

SCSK is free to try right now.

Worst case: Not for you.
Best case: Changes how you work.

No risk.",#norisk #beta #construction #trynow #builder #civil #contractor #building #civilconstruction #civilengineer #civilengineering #civilcontractors #architecture #architect,Join the beta ‚Üí sc-sk.com
181,Founder,"3am code sessions fueled by coffee and site frustration.

That's how SCSK gets built.

Real problems deserve real solutions.",#founderlife #construction #coding #dedication #builder #civil #contractor #building #civilconstruction #civilengineer #civilengineering #civilcontractors #architecture #architect,Get early access ‚Üí sc-sk.com
182,Founder,"Every bug report makes SCSK better.

Every feature request gets heard.

That's the advantage of a small operation.

I actually care.",#support #founder #construction #builder #caring #civil #contractor #building #civilconstruction #civilengineer #civilengineering #civilcontractors #architecture #architect,Start free ‚Üí sc-sk.com
183,Founder,"I use SCSK on my own jobs.

If something's broken, I feel it too.

Dogfooding at its finest.",#dogfooding #founder #construction #authentic #builder #civil #contractor #building #civilconstruction #civilengineer #civilengineering #civilcontractors #architecture #architect,Beta access ‚Üí sc-sk.com
184,Founder,"No sales team. No marketing department.

Just me, showing you what I built.

Take it for a spin.",#honestmarketing #founder #construction #authentic #indie #civil #contractor #building #civilconstruction #civilengineer #civilengineering #civilcontractors #architecture #architect,Sign up free ‚Üí sc-sk.com
185,Founder,"When you message SCSK support, you get me.

The guy who built it.
The guy who uses it.
The guy who fixes it.

Real support.",#realsupport #founder #construction #builder #personal #civil #contractor #building #civilconstruction #civilengineer #civilengineering #civilcontractors #architecture #architect,sc-sk.com
186,Tips,"Never delete photos.

Storage is cheap. Evidence is priceless.

SCSK: Keep everything. Search anything.",#phototips #construction #storage #evidence #builder #civil #contractor #building #civilconstruction #civilengineer #civilengineering #civilcontractors #architecture #architect,Free beta ‚Üí sc-sk.com
187,Tips,"Morning routine: Check SCSK dashboard.

Weather. Jobs. Tasks. Updates.

2 minutes to know your whole day.",#morningroutine #construction #productivity #planning #builder #civil #contractor #building #civilconstruction #civilengineer #civilengineering #civilcontractors #architecture #architect,Try it free ‚Üí sc-sk.com
188,Tips,"End of job: Completion photos.

Every angle. Every room. Every detail.

Warranty protection starts here.",#completionphotos #construction #warranty #protection #builder #civil #contractor #building #civilconstruction #civilengineer #civilengineering #civilcontractors #architecture #architect,Join the beta ‚Üí sc-sk.com
189,Tips,"Trades running late? Log it.

""Electrician delayed - arrived 11am instead of 8am""

Timestamps protect you.",#tradetips #construction #logging #timestamps #protection #civil #contractor #building #civilconstruction #civilengineer #civilengineering #civilcontractors #architecture #architect,Get early access ‚Üí sc-sk.com
190,Tips,"Back up before you leave site.

Signal at site? Sync.
No signal? Sync when you can.

Never lose a day's work.",#backuptips #construction #data #protection #builder #civil #contractor #building #civilconstruction #civilengineer #civilengineering #civilcontractors #architecture #architect,Start free ‚Üí sc-sk.com
191,Tips,"One photo with scale reference.

Tape measure. Coin. Hand.

Shows size in every defect photo.

Professional documentation.",#phototips #construction #scale #professional #documentation #civil #contractor #building #civilconstruction #civilengineer #civilengineering #civilcontractors #architecture #architect,Beta access ‚Üí sc-sk.com
192,Tips,"Voice note tip:

Record while you walk the site.

Convert to text later.

Fastest way to document.",#voicenotes #construction #tips #efficiency #documentation #civil #contractor #building #civilconstruction #civilengineer #civilengineering #civilcontractors #architecture #architect,Sign up free ‚Üí sc-sk.com
193,Tips,"Keep client communication in SCSK.

Out of your texts. Out of your email.

Searchable. Professional. Documented.",#clientcommunication #construction #tips #organization #builder #civil #contractor #building #civilconstruction #civilengineer #civilengineering #civilcontractors #architecture #architect,sc-sk.com
194,Tips,"Handover documentation:

Photos of everything.
Notes on everything.
Manuals for everything.

Happy clients. Happy life.",#handover #construction #documentation #clients #professional #civil #contractor #building #civilconstruction #civilengineer #civilengineering #civilcontractors #architecture #architect,Free beta ‚Üí sc-sk.com
195,Tips,"Weekly backup check.

Is everything synced?
Any photos waiting?
Notes all uploaded?

2 minutes. Peace of mind.",#backupcheck #construction #tips #datasafe #routine #civil #contractor #building #civilconstruction #civilengineer #civilengineering #civilcontractors #architecture #architect,Try it free ‚Üí sc-sk.com
196,Social Proof,"""Cut my end-of-day admin from 30 minutes to 5.""

Every. Single. Day.

That adds up.",#testimonial #construction #timesaver #admin #results #civil #contractor #building #civilconstruction #civilengineer #civilengineering #civilcontractors #architecture #architect,Join the beta ‚Üí sc-sk.com
197,Social Proof,"""Finally understand my job margins.""

Quote better. Price better. Profit better.

Data makes the difference.",#testimonial #construction #margins #pricing #business #civil #contractor #building #civilconstruction #civilengineer #civilengineering #civilcontractors #architecture #architect,Get early access ‚Üí sc-sk.com
198,Social Proof,"""Showed my client before/after photos. Got a referral.""

Professional documentation = More work.

SCSK makes it easy.",#testimonial #construction #referrals #professional #photos #civil #contractor #building #civilconstruction #civilengineer #civilengineering #civilcontractors #architecture #architect,Start free ‚Üí sc-sk.com
199,Social Proof,"""Won a dispute because I had timestamped photos.""

Documentation isn't boring.

Documentation is protection.",#testimonial #construction #disputes #protection #photos #civil #contractor #building #civilconstruction #civilengineer #civilengineering #civilcontractors #architecture #architect,Beta access ‚Üí sc-sk.com
200,Social Proof,"""My partner says I actually leave work at work now.""

No more scrolling through work photos at dinner.

SCSK keeps things separate.",#testimonial #worklifebalance #construction #organization #family #civil #contractor #building #civilconstruction #civilengineer #civilengineering #civilcontractors #architecture #architect,Sign up free ‚Üí sc-sk.com
201,Compare,"Free vs Expensive:

SCSK: Free beta
Enterprise apps: $50+/user/month

Same result. Different price.

Choose wisely.",#construction #pricing #comparison #free #value #civil #contractor #building #civilconstruction #civilengineer #civilengineering #civilcontractors #architecture #architect,sc-sk.com
202,Compare,"Offline vs Online-only:

On a construction site, you need offline.

SCSK works without signal.

Other apps don't.",#offline #construction #comparison #practical #builder #civil #contractor #building #civilconstruction #civilengineer #civilengineering #civilcontractors #architecture #architect,Free beta ‚Üí sc-sk.com
203,Compare,"Simple vs Complicated:

SCSK: Download and use.
Enterprise: 6 months of training.

Your time is valuable.",#simplicity #construction #comparison #training #efficiency #civil #contractor #building #civilconstruction #civilengineer #civilengineering #civilcontractors #architecture #architect,Try it free ‚Üí sc-sk.com
204,Compare,"Built for construction vs Adapted for construction:

Purpose-built beats retrofitted.

Every time.",#purposebuilt #construction #comparison #design #builder #civil #contractor #building #civilconstruction #civilengineer #civilengineering #civilcontractors #architecture #architect,Join the beta ‚Üí sc-sk.com
205,Quick Win,Less admin. More building.,#construction #admin #productivity #builder #timemanagement #civil #contractor #building #civilconstruction #civilengineer #civilengineering #civilcontractors #architecture #architect,Get early access ‚Üí sc-sk.com
206,Quick Win,Know where every photo is.,#photos #organization #construction #builder #findability #civil #contractor #building #civilconstruction #civilengineer #civilengineering #civilcontractors #architecture #architect,Start free ‚Üí sc-sk.com
207,Quick Win,Weather on your dashboard.,#weather #construction #planning #dashboard #builder #civil #contractor #building #civilconstruction #civilengineer #civilengineering #civilcontractors #architecture #architect,Beta access ‚Üí sc-sk.com
208,Quick Win,Contacts by trade. Easy.,#contacts #organization #trades #construction #builder #civil #contractor #building #civilconstruction #civilengineer #civilengineering #civilcontractors #architecture #architect,Sign up free ‚Üí sc-sk.com
209,Quick Win,Export anything. Anytime.,#export #flexibility #construction #data #builder #civil #contractor #building #civilconstruction #civilengineer #civilengineering #civilcontractors #architecture #architect,sc-sk.com
210,Quick Win,Your jobs. Your way.,#customization #construction #jobs #builder #flexibility #civil #contractor #building #civilconstruction #civilengineer #civilengineering #civilcontractors #architecture #architect,Free beta ‚Üí sc-sk.com
211,Quick Win,Fast. Really fast.,#speed #construction #efficiency #app #performance #civil #contractor #building #civilconstruction #civilengineer #civilengineering #civilcontractors #architecture #architect,Try it free ‚Üí sc-sk.com
212,Quick Win,Notes that don't disappear.,#notes #construction #reliable #backup #builder #civil #contractor #building #civilconstruction #civilengineer #civilengineering #civilcontractors #architecture #architect,Join the beta ‚Üí sc-sk.com
213,Quick Win,Professional. Simple. Yours.,#professional #simple #construction #builder #tools #civil #contractor #building #civilconstruction #civilengineer #civilengineering #civilcontractors #architecture #architect,Get early access ‚Üí sc-sk.com
214,Quick Win,Construction. Sorted.,#construction #organization #simple #builder #sorted #civil #contractor #building #civilconstruction #civilengineer #civilengineering #civilcontractors #architecture #architect,Start free ‚Üí sc-sk.com
215,Pain Point,"Tax time.

Accountant: ""Where are your receipts?""
You: ""Uhhhh...""

SCSK users: *clicks export*

Be the second person.",#taxtime #construction #receipts #organization #accounting #civil #contractor #building #civilconstruction #civilengineer #civilengineering #civilcontractors #architecture #architect,Beta access ‚Üí sc-sk.com
216,Pain Point,"That moment when you realize you quoted the wrong measurements.

SCSK calculators: Double-check your math.

Accurate quotes. Happy bank account.",#quoting #construction #math #accuracy #calculator #civil #contractor #building #civilconstruction #civilengineer #civilengineering #civilcontractors #architecture #architect,Sign up free ‚Üí sc-sk.com
217,Pain Point,"Client says you never told them about the extra cost.

You know you did.

Without proof, you lose.

SCSK logs everything.",#disputes #construction #proof #documentation #protection #civil #contractor #building #civilconstruction #civilengineer #civilengineering #civilcontractors #architecture #architect,sc-sk.com
218,Pain Point,"Site handover tomorrow.

Keys. Manuals. Certificates. Photos. Documentation.

Panic mode?

Or SCSK mode: All organized. Ready to go.",#handover #construction #organization #documentation #stress #civil #contractor #building #civilconstruction #civilengineer #civilengineering #civilcontractors #architecture #architect,Free beta ‚Üí sc-sk.com
219,Pain Point,"Architect changes drawings.

Which version are you building from?

Confusion = Expensive rework.

SCSK: Document everything. Know the latest.",#drawings #construction #versions #confusion #documentation #civil #contractor #building #civilconstruction #civilengineer #civilengineering #civilcontractors #architecture #architect,Try it free ‚Üí sc-sk.com
220,Pain Point,"""Did the inspector pass that?""
""When was the inspection?""
""Who was the inspector?""

Without records, nobody knows.

With SCSK, everyone knows.",#inspections #construction #records #documentation #builder #civil #contractor #building #civilconstruction #civilengineer #civilengineering #civilcontractors #architecture #architect,Join the beta ‚Üí sc-sk.com
221,Pain Point,"Defect list at handover.

Client points at 47 things.

Half of them existed before you started.

SCSK before photos: ""Actually, that was there day one.""",#defects #construction #beforephotos #protection #handover #civil #contractor #building #civilconstruction #civilengineer #civilengineering #civilcontractors #architecture #architect,Get early access ‚Üí sc-sk.com
222,Pain Point,"Running multiple trades on one site.

Who's coming when?
Who needs what?
Who did what?

Your brain: Full.
SCSK: Organized.",#multitrading #construction #coordination #organization #sitemanagement #civil #contractor #building #civilconstruction #civilengineer #civilengineering #civilcontractors #architecture #architect,Start free ‚Üí sc-sk.com
223,Pain Point,"That feeling when you can't prove you did the work you know you did.

Documentation isn't bureaucracy.

Documentation is protection.

SCSK makes it easy.",#documentation #construction #protection #proof #builder #civil #contractor #building #civilconstruction #civilengineer #civilengineering #civilcontractors #architecture #architect,Beta access ‚Üí sc-sk.com
224,Pain Point,"Scope creep.

Client: ""While you're here, can you also...""

Without documentation, scope creep becomes free work.

SCSK logs original scope. Variations documented.",#scopecreep #construction #variations #documentation #protection #civil #contractor #building #civilconstruction #civilengineer #civilengineering #civilcontractors #architecture #architect,Sign up free ‚Üí sc-sk.com
225,Pain Point,"""The plans changed.""
""No they didn't.""
""Yes they did.""

Timestamped SCSK records end arguments.

Evidence wins.",#planchanges #construction #evidence #documentation #disputes #civil #contractor #building #civilconstruction #civilengineer #civilengineering #civilcontractors #architecture #architect,sc-sk.com
226,Feature,"Daily log.

One screen. What happened today.

Weather. Work done. Issues. Photos.

Complete record in 60 seconds.",#dailylog #construction #documentation #records #builder #civil #contractor #building #civilconstruction #civilengineer #civilengineering #civilcontractors #architecture #architect,Free beta ‚Üí sc-sk.com
227,Feature,"Job duplication.

Similar project? Copy job template.

All your standard tasks, materials, phases.

Start faster.",#templates #construction #efficiency #duplication #builder #civil #contractor #building #civilconstruction #civilengineer #civilengineering #civilcontractors #architecture #architect,Try it free ‚Üí sc-sk.com
228,Feature,"Starred items.

Star important jobs. Star key contacts. Star urgent notes.

Find your priorities fast.",#starred #construction #priorities #organization #efficiency #civil #contractor #building #civilconstruction #civilengineer #civilengineering #civilcontractors #architecture #architect,Join the beta ‚Üí sc-sk.com
229,Feature,"Archive old jobs.

Not deleted. Not cluttering.

Hidden until you need them.

Clean workspace. Full history.",#archive #construction #organization #history #clean #civil #contractor #building #civilconstruction #civilengineer #civilengineering #civilcontractors #architecture #architect,Get early access ‚Üí sc-sk.com
230,Feature,"Multiple job statuses.

Quoting ‚Üí Approved ‚Üí In Progress ‚Üí On Hold ‚Üí Complete

Track the lifecycle.",#jobstatus #construction #tracking #lifecycle #organization #civil #contractor #building #civilconstruction #civilengineer #civilengineering #civilcontractors #architecture #architect,Start free ‚Üí sc-sk.com
231,Feature,"Notes linked to photos.

Photo shows what.
Note explains why.

Together: Complete documentation.",#linkedcontent #construction #photos #notes #documentation #civil #contractor #building #civilconstruction #civilengineer #civilengineering #civilcontractors #architecture #architect,Beta access ‚Üí sc-sk.com
232,Feature,"Bulk photo export.

Need all photos from a job?

Select job. Export. Done.

100 photos in 30 seconds.",#bulkexport #construction #photos #efficiency #export #civil #contractor #building #civilconstruction #civilengineer #civilengineering #civilcontractors #architecture #architect,Sign up free ‚Üí sc-sk.com
233,Feature,"Pinned jobs.

Most active projects always on top.

No scrolling for what you need.

Pin and go.",#pinnedjobs #construction #efficiency #organization #topofmind #civil #contractor #building #civilconstruction #civilengineer #civilengineering #civilcontractors #architecture #architect,sc-sk.com
234,Feature,"Recently viewed.

Quick access to what you were just looking at.

Back button for your work life.",#recentlyviewed #construction #efficiency #navigation #builder #civil #contractor #building #civilconstruction #civilengineer #civilengineering #civilcontractors #architecture #architect,Free beta ‚Üí sc-sk.com
235,Feature,"Color-coded job types.

Residential: Blue
Commercial: Orange
Maintenance: Green

Visual organization.",#colorcoding #construction #visual #organization #builder #civil #contractor #building #civilconstruction #civilengineer #civilengineering #civilcontractors #architecture #architect,Try it free ‚Üí sc-sk.com
236,Calculator,"Insulation calculator.

Area. R-value. Material type.

Batts or rolls calculated.

Keep it warm. Keep it efficient.",#insulation #construction #calculator #energy #builder #civil #contractor #building #civilconstruction #civilengineer #civilengineering #civilcontractors #architecture #architect,Join the beta ‚Üí sc-sk.com
237,Calculator,"Paving calculator.

Area. Paver size. Pattern.

Pavers needed. Sand needed.

Path to precision.",#paving #construction #calculator #outdoor #materials #civil #contractor #building #civilconstruction #civilengineer #civilengineering #civilcontractors #architecture #architect,Get early access ‚Üí sc-sk.com
238,Calculator,"Drywall/plasterboard calculator.

Wall dimensions. Sheet size.

Sheets needed. Wastage included.

Cover your walls right.",#drywall #plasterboard #calculator #construction #materials #civil #contractor #building #civilconstruction #civilengineer #civilengineering #civilcontractors #architecture #architect,Start free ‚Üí sc-sk.com
239,Calculator,"Landscaping mulch calculator.

Area. Depth. Material.

Cubic meters delivered right.

Ground cover sorted.",#landscaping #mulch #calculator #outdoor #materials #civil #contractor #building #civilconstruction #civilengineer #civilengineering #civilcontractors #architecture #architect,Beta access ‚Üí sc-sk.com
240,Calculator,"Window/door rough opening calculator.

Unit size + Clearances = Rough opening.

Frame it right the first time.",#windows #doors #calculator #framing #construction #civil #contractor #building #civilconstruction #civilengineer #civilengineering #civilcontractors #architecture #architect,Sign up free ‚Üí sc-sk.com
241,Photo,"Photo batch upload.

Took 20 photos? Upload all at once.

Tag to job. Done.

Efficient documentation.",#batchupload #photos #construction #efficiency #documentation #civil #contractor #building #civilconstruction #civilengineer #civilengineering #civilcontractors #architecture #architect,sc-sk.com
242,Photo,"Photo quality settings.

Full resolution for documentation.
Compressed for quick sharing.

Your choice.",#photoquality #construction #settings #flexibility #storage #civil #contractor #building #civilconstruction #civilengineer #civilengineering #civilcontractors #architecture #architect,Free beta ‚Üí sc-sk.com
243,Photo,"Photo zoom and pan.

Review details before marking complete.

Zoom into defects.

See everything.",#photozoom #construction #details #inspection #quality #civil #contractor #building #civilconstruction #civilengineer #civilengineering #civilcontractors #architecture #architect,Try it free ‚Üí sc-sk.com
244,Photo,"Multiple photos per note.

One issue. Multiple angles.

Complete visual documentation.

Leave nothing out.",#multiplephotos #documentation #construction #thorough #builder #civil #contractor #building #civilconstruction #civilengineer #civilengineering #civilcontractors #architecture #architect,Join the beta ‚Üí sc-sk.com
245,Photo,"Photo date filtering.

This week? Last month? Specific date range?

Filter and find.

Time-based organization.",#photofiltering #construction #organization #dates #search #civil #contractor #building #civilconstruction #civilengineer #civilengineering #civilcontractors #architecture #architect,Get early access ‚Üí sc-sk.com
246,Beta,"Construction pros wanted.

Real testers for a real app.

Use it on site. Tell me what's broken.

Help build something useful.",#betawanted #construction #testers #realworld #builder #civil #contractor #building #civilconstruction #civilengineer #civilengineering #civilcontractors #architecture #architect,Start free ‚Üí sc-sk.com
247,Beta,"Feature requests welcome.

What do YOU need?

Beta is the time to ask.

Your ideas become features.",#featurerequest #beta #construction #ideas #builder #civil #contractor #building #civilconstruction #civilengineer #civilengineering #civilcontractors #architecture #architect,Beta access ‚Üí sc-sk.com
248,Beta,"100+ beta users testing.

Join the community.

See what others are building with SCSK.",#betacommunity #construction #users #community #builder #civil #contractor #building #civilconstruction #civilengineer #civilengineering #civilcontractors #architecture #architect,Sign up free ‚Üí sc-sk.com
249,Beta,"Weekly improvements.

Every week, SCSK gets better.

Beta users see it first.

Watch it evolve.",#weeklyupdates #beta #construction #improvements #builder #civil #contractor #building #civilconstruction #civilengineer #civilengineering #civilcontractors #architecture #architect,sc-sk.com
250,Beta,"Report bugs. Get fixes.

Faster turnaround than any enterprise software.

Because I actually care.",#bugfixes #beta #construction #responsive #builder #civil #contractor #building #civilconstruction #civilengineer #civilengineering #civilcontractors #architecture #architect,Free beta ‚Üí sc-sk.com
251,Founder,"From site boots to code commits.

Still a tradie. Also a developer.

Building what we actually need.",#tradiecoder #founder #construction #code #builder #civil #contractor #building #civilconstruction #civilengineer #civilengineering #civilcontractors #architecture #architect,Try it free ‚Üí sc-sk.com
252,Founder,"Rejected by app stores twice before approval.

Too niche, they said.

Perfect, I said.

For construction. Only construction.",#rejection #founder #niche #construction #perseverance #civil #contractor #building #civilconstruction #civilengineer #civilengineering #civilcontractors #architecture #architect,Join the beta ‚Üí sc-sk.com
253,Founder,"First user: Me.
Second user: My builder mate.
Third user: His builder mate.

Growing one site at a time.",#growth #founder #organic #construction #community #civil #contractor #building #civilconstruction #civilengineer #civilengineering #civilcontractors #architecture #architect,Get early access ‚Üí sc-sk.com
254,Founder,"Day job: Building.
Night job: Building SCSK.

Same skills. Different materials.",#sidehustle #founder #construction #coding #dedication #civil #contractor #building #civilconstruction #civilengineer #civilengineering #civilcontractors #architecture #architect,Start free ‚Üí sc-sk.com
255,Founder,"When I hit a construction problem, I code a solution.

That's how SCSK features are born.

Real needs. Real solutions.",#problemsolving #founder #construction #features #builder #civil #contractor #building #civilconstruction #civilengineer #civilengineering #civilcontractors #architecture #architect,Beta access ‚Üí sc-sk.com
256,Tips,"Wet weather plan:

What can be done under cover?
Which trades can still work?
What gets rescheduled?

Plan B saves weeks.",#weatherplanning #construction #tips #planning #builder #civil #contractor #building #civilconstruction #civilengineer #civilengineering #civilcontractors #architecture #architect,Sign up free ‚Üí sc-sk.com
257,Tips,"Variation documentation:

1. Photo current state
2. Note the change request
3. Get written approval
4. Photo completed change

Four steps. Full protection.",#variations #construction #tips #documentation #protection #civil #contractor #building #civilconstruction #civilengineer #civilengineering #civilcontractors #architecture #architect,sc-sk.com
258,Tips,"Material delivery tip:

Photo pallet labels.
Note any damage.
Log delivery time.

30 seconds of documentation = No disputes.",#deliverytips #construction #materials #documentation #protection #civil #contractor #building #civilconstruction #civilengineer #civilengineering #civilcontractors #architecture #architect,Free beta ‚Üí sc-sk.com
259,Tips,"End of week review:

What's on track?
What's behind?
What's the plan for Monday?

5 minutes Friday saves hours Monday.",#weeklyreview #construction #tips #planning #productivity #civil #contractor #building #civilconstruction #civilengineer #civilengineering #civilcontractors #architecture #architect,Try it free ‚Üí sc-sk.com
260,Tips,"Client meeting tip:

Open SCSK.
Show the progress.
Show the photos.

Visual updates beat verbal updates.",#clientmeetings #construction #tips #communication #visual #civil #contractor #building #civilconstruction #civilengineer #civilengineering #civilcontractors #architecture #architect,Join the beta ‚Üí sc-sk.com
261,Tips,"Punch list efficiency:

Photo each item.
Mark location.
Assign to trade.

Clear list. Clear accountability.",#punchlist #construction #tips #efficiency #accountability #civil #contractor #building #civilconstruction #civilengineer #civilengineering #civilcontractors #architecture #architect,Get early access ‚Üí sc-sk.com
262,Tips,"Before photo tip:

Include today's date in frame.

Hold up phone with date visible.

Undeniable timestamp.",#phototips #construction #timestamps #tips #documentation #civil #contractor #building #civilconstruction #civilengineer #civilengineering #civilcontractors #architecture #architect,Start free ‚Üí sc-sk.com
263,Tips,"Safety documentation:

Photo safety setup daily.
Log toolbox talks.
Note any incidents.

Covers everyone.",#safetydocs #construction #tips #safety #documentation #civil #contractor #building #civilconstruction #civilengineer #civilengineering #civilcontractors #architecture #architect,Beta access ‚Üí sc-sk.com
264,Tips,"Subcontractor coordination:

Share job details before arrival.
Note agreed scope.
Photo their work.

Professional relationships.",#subcontractors #construction #tips #coordination #professional #civil #contractor #building #civilconstruction #civilengineer #civilengineering #civilcontractors #architecture #architect,Sign up free ‚Üí sc-sk.com
265,Tips,"Payment milestone tip:

Document completion of each stage.
Photos + notes + date.

Get paid on time. Every time.",#paymenttips #construction #milestones #documentation #cashflow #civil #contractor #building #civilconstruction #civilengineer #civilengineering #civilcontractors #architecture #architect,sc-sk.com
266,Social Proof,"""I showed my accountant my SCSK export. He nearly cried with joy.""

Organized records = Happy accountants.

Happy accountants = Happy tax time.",#testimonial #construction #accounting #organized #taxtime #civil #contractor #building #civilconstruction #civilengineer #civilengineering #civilcontractors #architecture #architect,Free beta ‚Üí sc-sk.com
267,Social Proof,"""Won a $12,000 variation dispute with SCSK photos.""

Timestamped evidence.

Worth more than the app will ever cost.",#testimonial #construction #disputes #evidence #value #civil #contractor #building #civilconstruction #civilengineer #civilengineering #civilcontractors #architecture #architect,Try it free ‚Üí sc-sk.com
268,Social Proof,"""Went from dreading reports to not minding them.""

When something's easy, you actually do it.

SCSK reports: Actually easy.",#testimonial #construction #reports #easy #mindset #civil #contractor #building #civilconstruction #civilengineer #civilengineering #civilcontractors #architecture #architect,Join the beta ‚Üí sc-sk.com
269,Social Proof,"""The calculators alone saved me from two costly mistakes.""

Right materials. Right quantities.

Math matters.",#testimonial #construction #calculators #savings #accuracy #civil #contractor #building #civilconstruction #civilengineer #civilengineering #civilcontractors #architecture #architect,Get early access ‚Üí sc-sk.com
270,Social Proof,"""My apprentice can actually find information now.""

Everyone on the same page.

Same app. Same data. Same knowledge.",#testimonial #construction #apprentice #teamwork #information #civil #contractor #building #civilconstruction #civilengineer #civilengineering #civilcontractors #architecture #architect,Start free ‚Üí sc-sk.com
271,Compare,"SCSK vs Procore:

Procore: Built for enterprise
SCSK: Built for tradies

Procore: $$$ per month
SCSK: Free beta

Both work. One fits better.",#comparison #construction #procore #pricing #builder #civil #contractor #building #civilconstruction #civilengineer #civilengineering #civilcontractors #architecture #architect,Beta access ‚Üí sc-sk.com
272,Compare,"SCSK vs BuilderTrend:

BuilderTrend: USA focused
SCSK: International

BuilderTrend: Complex
SCSK: Simple

Right tool for the job.",#comparison #construction #buildertrend #international #simple #civil #contractor #building #civilconstruction #civilengineer #civilengineering #civilcontractors #architecture #architect,Sign up free ‚Üí sc-sk.com
273,Compare,"SCSK vs WhatsApp:

WhatsApp: Messages get buried
SCSK: Everything searchable

WhatsApp: No organization
SCSK: Job-based structure

Upgrade your work chat.",#comparison #construction #whatsapp #organization #upgrade #civil #contractor #building #civilconstruction #civilengineer #civilengineering #civilcontractors #architecture #architect,sc-sk.com
274,Compare,"SCSK vs Google Drive:

Drive: Generic file storage
SCSK: Construction-specific

Drive: No offline
SCSK: Full offline mode

Purpose matters.",#comparison #construction #googledrive #offline #purpose #civil #contractor #building #civilconstruction #civilengineer #civilengineering #civilcontractors #architecture #architect,Free beta ‚Üí sc-sk.com
275,Compare,"SCSK vs Pen and Paper:

Paper: Free (but loses you money)
SCSK: Free beta (and makes you money)

Efficiency > Tradition",#comparison #construction #paperless #efficiency #upgrade #civil #contractor #building #civilconstruction #civilengineer #civilengineering #civilcontractors #architecture #architect,Try it free ‚Üí sc-sk.com
276,Quick Win,Document once. Access forever.,#documentation #construction #permanent #accessible #builder #civil #contractor #building #civilconstruction #civilengineer #civilengineering #civilcontractors #architecture #architect,Join the beta ‚Üí sc-sk.com
277,Quick Win,All your jobs. One tap.,#jobs #construction #efficiency #access #builder #civil #contractor #building #civilconstruction #civilengineer #civilengineering #civilcontractors #architecture #architect,Get early access ‚Üí sc-sk.com
278,Quick Win,Site photos. Sorted.,#photos #construction #sorted #organization #simple #civil #contractor #building #civilconstruction #civilengineer #civilengineering #civilcontractors #architecture #architect,Start free ‚Üí sc-sk.com
279,Quick Win,Build more. Search less.,#productivity #construction #search #efficiency #builder #civil #contractor #building #civilconstruction #civilengineer #civilengineering #civilcontractors #architecture #architect,Beta access ‚Üí sc-sk.com
280,Quick Win,Your work. Organized.,#organization #construction #work #builder #sorted #civil #contractor #building #civilconstruction #civilengineer #civilengineering #civilcontractors #architecture #architect,Sign up free ‚Üí sc-sk.com
281,Quick Win,Evidence when you need it.,#evidence #construction #documentation #protection #builder #civil #contractor #building #civilconstruction #civilengineer #civilengineering #civilcontractors #architecture #architect,sc-sk.com
282,Quick Win,Reports without the pain.,#reports #construction #easy #efficiency #builder #civil #contractor #building #civilconstruction #civilengineer #civilengineering #civilcontractors #architecture #architect,Free beta ‚Üí sc-sk.com
283,Quick Win,Calculate. Accurate. Every time.,#calculators #construction #accuracy #math #builder #civil #contractor #building #civilconstruction #civilengineer #civilengineering #civilcontractors #architecture #architect,Try it free ‚Üí sc-sk.com
284,Quick Win,Backup. Automatic. Always.,#backup #construction #automatic #protection #builder #civil #contractor #building #civilconstruction #civilengineer #civilengineering #civilcontractors #architecture #architect,Join the beta ‚Üí sc-sk.com
285,Quick Win,One app. Complete control.,#oneapp #construction #control #management #builder #civil #contractor #building #civilconstruction #civilengineer #civilengineering #civilcontractors #architecture #architect,Get early access ‚Üí sc-sk.com
286,Pain Point,"Payroll day.

Who worked where? How long? Doing what?

Paper timesheets = Guessing game.
SCSK logs = Accurate records.

Pay right. Every time.",#payroll #construction #timekeeping #accuracy #builder #civil #contractor #building #civilconstruction #civilengineer #civilengineering #civilcontractors #architecture #architect,Start free ‚Üí sc-sk.com
287,Pain Point,"Client wants photos... specific photos... from specific dates.

Your camera roll: 10,000 images.

SCSK: Filter by job and date. 3 taps. Done.",#clientrequest #construction #photos #organization #efficiency #civil #contractor #building #civilconstruction #civilengineer #civilengineering #civilcontractors #architecture #architect,Beta access ‚Üí sc-sk.com
288,Pain Point,"That moment when you can't remember if you ordered the materials.

Did you? Didn't you?

SCSK logs everything.

Memory isn't a system.",#memory #construction #materials #organization #logging #civil #contractor #building #civilconstruction #civilengineer #civilengineering #civilcontractors #architecture #architect,Sign up free ‚Üí sc-sk.com
289,Pain Point,"""We agreed on that months ago.""

You both remember differently.

Without records, arguments happen.

SCSK: The record of truth.",#agreements #construction #records #disputes #truth #civil #contractor #building #civilconstruction #civilengineer #civilengineering #civilcontractors #architecture #architect,sc-sk.com
290,Pain Point,"Tired of being the person who has to remember everything?

SCSK remembers for you.

Brains are for building. Apps are for remembering.",#mentalload #construction #organization #memory #builder #civil #contractor #building #civilconstruction #civilengineer #civilengineering #civilcontractors #architecture #architect,Free beta ‚Üí sc-sk.com
291,Feature,"Smart search.

Type anything.

Job names. Contact names. Notes.

Find everything. Instantly.",#smartsearch #construction #search #efficiency #instant #civil #contractor #building #civilconstruction #civilengineer #civilengineering #civilcontractors #architecture #architect,Try it free ‚Üí sc-sk.com
292,Feature,"Job insights.

How long did similar jobs take?
What did they actually cost?
What issues came up?

Learn from history.",#jobinsights #construction #data #learning #improvement #civil #contractor #building #civilconstruction #civilengineer #civilengineering #civilcontractors #architecture #architect,Join the beta ‚Üí sc-sk.com
293,Feature,"Notification preferences.

Get alerted for what matters.
Ignore what doesn't.

Your rules. Your notifications.",#notifications #construction #customization #preferences #control #civil #contractor #building #civilconstruction #civilengineer #civilengineering #civilcontractors #architecture #architect,Get early access ‚Üí sc-sk.com
294,Feature,"Data export.

Need to switch tools? No lock-in.

Your data is yours.

Export everything. Anytime.",#dataexport #construction #ownership #nolocking #flexibility #civil #contractor #building #civilconstruction #civilengineer #civilengineering #civilcontractors #architecture #architect,Start free ‚Üí sc-sk.com
295,Feature,"Metric and imperial.

Switch between units.

Work with anyone. Anywhere.

International ready.",#units #construction #metric #imperial #international #civil #contractor #building #civilconstruction #civilengineer #civilengineering #civilcontractors #architecture #architect,Beta access ‚Üí sc-sk.com
296,Founder,"Every feature in SCSK was requested by a tradie.

Not designed in a boardroom.

Designed on site.",#tradieinput #founder #construction #features #realworld #civil #contractor #building #civilconstruction #civilengineer #civilengineering #civilcontractors #architecture #architect,Sign up free ‚Üí sc-sk.com
297,Founder,"Still working on sites while building SCSK.

Best way to know what's needed?

Experience it daily.",#dailyexperience #founder #construction #authentic #builder #civil #contractor #building #civilconstruction #civilengineer #civilengineering #civilcontractors #architecture #architect,sc-sk.com
298,Tips,"End of project checklist:

‚òë Completion photos
‚òë Final walkthrough notes
‚òë Client sign-off
‚òë Archive job

Close properly.",#endofproject #construction #checklist #tips #closeout #civil #contractor #building #civilconstruction #civilengineer #civilengineering #civilcontractors #architecture #architect,Free beta ‚Üí sc-sk.com
299,Social Proof,"""I recommend SCSK to every tradie I meet now.""

Word of mouth.

The best compliment possible.",#testimonial #construction #recommendation #wordofmouth #trust #civil #contractor #building #civilconstruction #civilengineer #civilengineering #civilcontractors #architecture #architect,Try it free ‚Üí sc-sk.com
300,Quick Win,Construction management that just works.,#construction #management #simple #effective #works #civil #contractor #building #civilconstruction #civilengineer #civilengineering #civilcontractors #architecture #architect,Join the beta ‚Üí sc-sk.com
